<?xml version="1.0" encoding="UTF-8"?>
<beans xmlns="http://www.springframework.org/schema/beans"
	xmlns:xsi="http://www.w3.org/2001/XMLSchema-instance"
	xmlns:tx="http://www.springframework.org/schema/tx"
	xmlns:aop="http://www.springframework.org/schema/aop"
	xsi:schemaLocation="http://www.springframework.org/schema/beans https://www.springframework.org/schema/beans/spring-beans.xsd
		http://www.springframework.org/schema/aop http://www.springframework.org/schema/aop/spring-aop-4.3.xsd
		http://www.springframework.org/schema/tx http://www.springframework.org/schema/tx/spring-tx-4.3.xsd">
	
	
	<!-- Root Context: defines shared resources visible to all other web components -->
	<!-- Root Context : 웹 서버 전체 설정과 관련된 내용을 작성하는 XML 파일 -->
	<!-- DataSource : 연결하고자 하는 DB 설정을 담당하는 객체 -->
	<bean id="realDataSource" class="org.apache.commons.dbcp.BasicDataSource" 
	      destroy-method="close">
      <property name="driverClassName" value="oracle.jdbc.driver.OracleDriver" />
      <property name="url" value="jdbc:oracle:thin:@localhost:1500:xe"/>
      <property name="username" value="MEDIC"/>
      <property name="password" value="MEDIC"/>
    </bean>	
    
        <!-- log4jdbc 용 객체 등록하기 -->
    <bean id="dataSource" class="net.sf.log4jdbc.Log4jdbcProxyDataSource">
	<constructor-arg ref="realDataSource"/>
	<property name="logFormatter">
		<bean class="net.sf.log4jdbc.tools.Log4JdbcCustomFormatter">
			<property name="loggingType" value="MULTI_LINE"/>
			<property name="sqlPrefix" value="[SQL] "/>
		</bean>
	</property>
	</bean>

	<!-- Mybatis를 연동하기 위한 설정 -->
	<bean id="sqlSessionFactoryBean"
		class="org.mybatis.spring.SqlSessionFactoryBean">
		<!-- dataSource : 마이바티스 빈 객체에 사용할 DB 설정 객체 참조 -->
		<property name="dataSource" ref="dataSource" />
		<!-- mapperLocations : mybatis-config에 작성하였던 mapper 파일들을 한번에 불러오기 위한 설정 -->
		<property name="mapperLocations"
			value="classpath*:mappers/*.xml" />
		<!-- configLocation : mybatis-config 설정을 읽어 오기 위한 속성 -->
		<property name="configLocation"
			value="classpath:mybatis-config.xml" />
	</bean>
	 
	<!-- Mybatis 사용과 관련된 sqlSession 객체 선언하기 -->
	<bean id="sqlSessionTemplate" class="org.mybatis.spring.SqlSessionTemplate">
    	<constructor-arg index="0" ref="sqlSessionFactoryBean"/>
    </bean>
   
    <bean id="mailSender"
		class="org.springframework.mail.javamail.JavaMailSenderImpl">
		<property name="host" value="smtp.naver.com" />
		<property name="port" value="465" />
		<property name="username" value="rlghvmffjqj" />
		<property name="password" value="z2067211" />
		<property name="javaMailProperties">
			<props>
				<prop key="mail.smtp.auth">true</prop>
				<prop key="mail.smtp.starttls.enable">true</prop>
				<prop key="mail.smtps.ssl.trust">*</prop>
				<prop key="mail.smtps.ssl.checkserveridentity">true</prop>
				<prop key="mail.debug">true</prop>
				<prop key="mail.smtp.socketFactory.class">javax.net.ssl.SSLSocketFactory</prop>
			</props>
		</property>
	</bean>
   
</beans>
