<?xml version="1.0" encoding="utf-8"?>
<!DOCTYPE mapper PUBLIC
"-//mybatis.org//DTD Mapper 3.0//EN"
"http://mybatis.org/dtd/mybatis-3-mapper.dtd">
<mapper namespace="mailMit">
	<resultMap type="mailMit" id="mailMitMap">
		<result property="empNo" column="emp_no"/>
		<result property="empName" column="emp_name"/>
		<result property="deptCode" column="dept_code"/>
		<result property="empEmail" column="emp_Email"/>
		<result property="jobCode" column="jobCode"/>
		<result property="deptTitle" column="dept_title"/>
		<result property="jobTitle" column="job_title"/>
	</resultMap>
	
	<select id="selectMailMitList" resultMap="mailMitMap">
		SELECT E.*, D.DEPT_TITLE,J.JOB_TITLE
		FROM EMPLOYEE E,JOB J, DEPARTMENT D
		WHERE E.DEPT_CODE=D.DEPT_CODE
		AND E.JOB_CODE=J.JOB_CODE
	</select>
	
	<select id="selectMailMitListSearch" resultMap="mailMitMap" parameterType="string">
		SELECT E.*, D.DEPT_TITLE,J.JOB_TITLE
		FROM EMPLOYEE E,JOB J, DEPARTMENT D
		WHERE E.DEPT_CODE=D.DEPT_CODE
		AND E.JOB_CODE=J.JOB_CODE
		AND E.EMP_NAME=#{empName}
	</select>
		
	<select id="selectMailMitTotalContents" resultType="_int">
		SELECT
		COUNT(*) FROM EMPLOYEE
	</select>
	
	<select id="selectOneMailMit" parameterType="string" resultMap="mailMitMap">
		SELECT E.*, D.DEPT_TITLE,J.JOB_TITLE
		FROM EMPLOYEE E,JOB J, DEPARTMENT D
		WHERE E.DEPT_CODE=D.DEPT_CODE
		AND E.JOB_CODE=J.JOB_CODE
		AND EMP_NO=#{empNo}
	</select>
	

	
</mapper>













