<?xml version="1.0" encoding="utf-8"?>
<!DOCTYPE mapper PUBLIC
"-//mybatis.org//DTD Mapper 3.0//EN"
"http://mybatis.org/dtd/mybatis-3-mapper.dtd">
<mapper namespace="medicine">
	<resultMap type="medicine" id="medicineMap">
		<result property="medCode" column="med_code"/>
		<result property="medName" column="med_name"/>
		<result property="medCount" column="med_count"/>
	</resultMap>
	
	
		
	<select id="selectMedicineList" resultMap="medicineMap">
		SELECT * FROM MEDICINE
	</select>
	
	<select id="selectMedicineListSearch" resultMap="medicineMap" parameterType="string">
		SELECT * FROM MEDICINE
		WHERE MED_NAME=#{medName}
	</select>
	
	<select id="selectOneMedicine" parameterType="string" resultMap="medicineMap">
		SELECT * FROM MEDICINE WHERE MED_CODE=#{medCode}	
	</select>
	
	<select id="selectMedicineTotalContents" resultType="_int">
		SELECT COUNT(*) FROM MEDICINE
	</select>
	
	<insert id="insertMedicine">
		INSERT INTO MEDICINE VALUES(#{medCode},#{medName},#{medCount})
	</insert>
	
	<update id="updateMedicine">
		UPDATE MEDICINE SET MED_COUNT=#{medCount}
		WHERE MED_CODE=#{medCode}
	</update>
	
	<delete id="deleteMedicine" parameterType="string">
		DELETE FROM MEDICINE WHERE MED_CODE=#{medCode}
	</delete>
	
	
	
</mapper>













