<?xml version="1.0" encoding="utf-8"?>
<!DOCTYPE mapper PUBLIC
"-//mybatis.org//DTD Mapper 3.0//EN"
"http://mybatis.org/dtd/mybatis-3-mapper.dtd">
<mapper namespace="member">
   <resultMap id="memberSelect" type="Member">
      <result property="empNo" column="emp_no" />
      <result property="empNo1" column="emp_no" />
      <result property="empPwd" column="emp_pwd" />
      <result property="empName" column="emp_name" />
      <result property="empAddress" column="emp_address" />
      <result property="empEmail" column="emp_email" />
      <result property="empPhone" column="emp_phone" />
      <result property="empRrn" column="e_rrn" />
      <result property="deptCode" column="dept_code" />
      <result property="jobCode" column="job_code" />
      <result property="salary" column="salary" />
      <result property="hireDate" column="hire_date" />
      <result property="entDate" column="ent_date" />
      <result property="entYn" column="ent_yn" />
      <result property="deptTitle" column="dept_title"/>
	  <result property="jobTitle" column="job_title"/>
	  <result property="attend" column="attend"/>
	  <result property="leave" column="leave"/>
	  
   </resultMap>
   
   <select id="selectMember" parameterType="_int" resultMap="memberSelect">
      SELECT E.*, D.DEPT_TITLE, J.JOB_TITLE <!-- , to_char(A.ATTEND,'yyyy-mm-dd hh24:mi:ss') ATTEND, to_char(A.LEAVE,'yyyy-mm-dd hh24:mi:ss') LEAVE --> 
		FROM EMPLOYEE E 
		JOIN DEPARTMENT D ON(E.DEPT_CODE = D.DEPT_CODE) 
		JOIN JOB J ON(E.JOB_CODE = J.JOB_CODE) 
        <!-- JOIN ATTENDANCE A ON(E.EMP_NO = A.EMP_NO) -->
		WHERE E.EMP_NO  = #{empNo} <!-- AND A.ATTEND LIKE '%'||to_char(SYSDATE,'yy/mm/dd')||'%' -->
   </select>
   
   <insert id="insertMember" parameterType="Member">
      INSERT INTO EMPLOYEE VALUES(SEQ_EMP_NO.NEXTVAL, #{empPwd} ,#{empName},
      #{empAddress},#{empEmail}, #{empPhone}, #{empRrn}, 
      (SELECT DEPT_CODE FROM DEPARTMENT WHERE DEPT_TITLE = #{deptCode}),
      (SELECT JOB_CODE FROM JOB WHERE JOB_TITLE = #{jobCode}),#{salary},#{hireDate},#{entDate},DEFAULT)   
   </insert>
   
   <update id="updatePassword" parameterType="Member">
      UPDATE EMPLOYEE SET EMP_PWD = (SELECT SUBSTR(E_RRN,1,6) FROM EMPLOYEE WHERE EMP_NO=#{empNo}) WHERE EMP_NO = #{empNo}
   </update>
   
   <update id="updateMember" parameterType="Member">
      UPDATE EMPLOYEE SET
      EMP_EMAIL = #{empEmail},      
      EMP_PHONE = #{empPhone},
      EMP_ADDRESS = #{empAddress},
      DEPT_CODE = (SELECT DEPT_CODE FROM DEPARTMENT WHERE DEPT_TITLE = #{deptCode}),
      JOB_CODE = (SELECT JOB_CODE FROM JOB WHERE JOB_TITLE = #{jobCode}),
      HIRE_DATE = #{hireDate},
      ENT_DATE = #{entDate},
      ENT_YN = #{entYn}
      WHERE EMP_NO = #{empNo}      
   </update>
	
	<select id="selectMemberList" resultMap="memberSelect">
		SELECT E.*, D.DEPT_TITLE,J.JOB_TITLE
		FROM EMPLOYEE E,JOB J, DEPARTMENT D
		WHERE E.DEPT_CODE=D.DEPT_CODE
		AND E.JOB_CODE=J.JOB_CODE
	</select>
	
	<select id="selectMemberTotalContents" resultType="_int">
		SELECT
		COUNT(*) FROM EMPLOYEE
	</select>
	
	<select id="selectSearchMember" parameterType="string" resultMap="memberSelect">
		SELECT E.*, DEPT_TITLE, JOB_TITLE 
		FROM EMPLOYEE E 
		JOIN DEPARTMENT D ON(E.DEPT_CODE = D.DEPT_CODE) 
		JOIN JOB J ON(E.JOB_CODE = J.JOB_CODE) 
		WHERE EMP_NAME  = #{empName}
	</select>
	
	<update id="updatePrivacy" parameterType="Member">
		UPDATE EMPLOYEE SET
		EMP_PWD = #{empPwd},
		EMP_EMAIL = #{empEmail},
		EMP_PHONE = #{empPhone},
     	 EMP_ADDRESS = #{empAddress}
		WHERE EMP_NO = #{empNo}    
	</update>
	<select id="selectLeaveMember" resultMap="memberSelect">
		SELECT E.*, D.DEPT_TITLE,J.JOB_TITLE
		FROM EMPLOYEE E,JOB J, DEPARTMENT D
		WHERE E.DEPT_CODE=D.DEPT_CODE
		AND E.JOB_CODE=J.JOB_CODE
		AND ENT_YN = 'Y'
	</select>
	<select id="leaveMemberTotalContents" resultType="_int">
		SELECT
		COUNT(*) FROM EMPLOYEE
		WHERE ENT_YN = 'Y'
	</select>
	
	<delete id="deleteMember" parameterType="Member">
		DELETE FROM EMPLOYEE WHERE EMP_NO = #{empNo}
	</delete>
</mapper>